{"MCP":{"fadeSpeed":0.019999999552965164,"xPercent":0.8500000238418579,"yPercent":0.8500000238418579,"marginX":0.0,"marginY":0.0,"prompt_size":45.650001525878906,"icon2font_ratio":1.0,"linespacing":0.2669999897480011,"progress_speed":0.5519999861717224,"lifetime":5.0,"special_commands":{"visualize":true,"responsiveness":0.6700000166893005},"enabled_devices":{"Keyboard & Mouse":true,"Gamepad (Xbox)":true,"Gamepad (PS4)":true},"n_max_buttons":4,"keys":{},"cycle_L":{},"cycle_R":{},"Theme":{"font_name":"Jost-Regular","font_shadow":0.20000000298023224},"version":{"major":2,"minor":3,"patch":13,"build":0}}}